{
  "project_info": {
    "project_number": "231682285963",
    "project_id": "justin-1acca",
    "storage_bucket": "justin-1acca.appspot.com"
  },
  "client": [
    {
      "client_info": {
        "mobilesdk_app_id": "1:231682285963:android:dae4b6ab6e3cb8e2a98f8e",
        "android_client_info": {
          "package_name": "com.example.firebasetest"
        }
      },
      "oauth_client": [
        {
          "client_id": "231682285963-8m8an0t79gk43gdp3uka5eq1kuh8h0v7.apps.googleusercontent.com",
          "client_type": 1,
          "android_info": {
            "package_name": "com.example.firebasetest",
            "certificate_hash": "a120e13d692844718901d039a6dc59a197ae3e6a"
          }
        },
        {
          "client_id": "231682285963-3afknge5effjrl3qcv3kkln5rvo2tiiv.apps.googleusercontent.com",
          "client_type": 3
        }
      ],
      "api_key": [
        {
          "current_key": "AIzaSyAiTsUlXXfySL2LGeLyAcYsizN1ZGDWNuY"
        }
      ],
      "services": {
        "appinvite_service": {
          "other_platform_oauth_client": [
            {
              "client_id": "231682285963-3afknge5effjrl3qcv3kkln5rvo2tiiv.apps.googleusercontent.com",
              "client_type": 3
            }
          ]
        }
      }
    }
  ],
  "configuration_version": "1"
}